Date,N1,N2,N3,N4,N5,PB
01/07/09,23,31,33,38,52,24
01/17/09,2,5,9,23,59,26
01/21/09,20,26,38,46,54,23
01/24/09,6,20,25,37,42,25
01/28/09,5,10,18,23,32,4
02/04/09,7,24,30,32,44,18
02/25/09,17,32,42,49,56,11
02/28/09,3,16,20,42,58,7
03/07/09,21,27,28,56,59,21
03/14/09,7,30,33,44,51,10
03/18/09,16,26,29,41,45,1
03/25/09,10,20,23,47,54,26
04/01/09,2,9,33,41,54,14
04/04/09,14,21,50,57,58,7
04/08/09,1,6,48,52,56,9
04/11/09,7,28,35,46,49,20
04/15/09,16,22,26,27,59,5
04/18/09,7,15,28,43,44,20
04/25/09,8,26,30,42,52,15
04/29/09,6,19,36,50,59,13
05/06/09,7,8,12,22,31,18
05/09/09,4,15,32,49,58,21
05/20/09,23,30,31,35,42,6
05/30/09,1,23,42,51,59,20
06/03/09,16,20,22,32,37,9
06/06/09,10,18,23,30,45,2
06/27/09,18,22,26,39,48,17
07/01/09,9,32,38,52,53,15
07/11/09,1,4,20,39,42,2
07/25/09,5,17,33,46,52,9
07/29/09,2,5,38,43,59,8
08/08/09,4,33,37,45,50,11
08/12/09,10,25,32,34,47,5
08/22/09,3,6,20,32,51,23
08/26/09,1,21,23,30,43,11
09/09/09,4,16,18,51,53,23
09/12/09,13,28,38,41,56,25
09/16/09,17,37,40,51,56,25
09/19/09,5,24,25,30,49,23
09/23/09,7,8,20,25,29,11
09/26/09,18,20,34,36,39,19
10/03/09,12,24,48,50,57,22
10/07/09,2,20,21,38,50,22
10/14/09,5,15,25,30,40,6
10/21/09,6,16,34,45,51,4
10/24/09,14,22,38,49,59,16
10/28/09,3,11,26,46,51,23
10/31/09,2,19,26,41,54,23
11/11/09,8,12,14,22,29,22
11/21/09,7,26,36,49,58,4
11/25/09,4,13,18,49,59,5
12/05/09,27,39,41,44,58,17
12/16/09,13,23,25,35,43,15
12/19/09,17,24,39,41,47,21
12/30/09,5,14,38,39,52,6
01/09/10,20,41,44,50,54,22
01/16/10,7,8,23,41,55,23
01/20/10,15,32,43,44,46,19
01/23/10,15,16,20,42,53,17
01/27/10,6,15,20,26,31,9
01/30/10,6,26,35,47,48,21
02/03/10,17,22,36,37,52,24
02/06/10,14,22,52,54,59,4
02/17/10,7,8,19,26,36,15
02/24/10,4,17,35,50,57,12
03/03/10,7,9,14,45,49,23
03/10/10,17,21,37,41,50,1
03/13/10,6,16,20,31,36,8
03/17/10,24,26,45,48,55,8
03/20/10,9,36,39,44,45,9
03/31/10,5,13,17,45,54,12
04/17/10,5,21,22,41,49,15
04/21/10,11,34,41,49,55,20
04/24/10,1,12,53,56,57,5
05/01/10,16,23,25,49,58,20
05/05/10,13,34,40,47,57,11
06/05/10,18,34,40,48,59,25
06/09/10,14,22,27,32,49,5
06/26/10,13,30,32,38,57,25
07/10/10,20,21,27,28,56,4
07/14/10,20,21,23,38,42,6
07/17/10,22,27,35,37,45,3
07/21/10,16,22,30,51,58,25
07/28/10,1,11,20,25,27,2
07/31/10,1,16,17,41,57,15
08/25/10,16,17,29,31,36,23
08/28/10,4,22,27,32,56,13
09/01/10,17,20,21,40,51,19
10/02/10,12,20,30,36,47,25
10/06/10,14,26,37,41,46,24
10/13/10,12,22,32,34,46,2
10/27/10,20,24,25,53,59,15
11/17/10,14,16,53,54,59,5
11/24/10,8,20,21,32,37,4
12/04/10,13,24,27,31,42,22
12/18/10,4,11,19,33,43,14
12/25/10,1,17,38,50,52,24
01/05/11,22,26,32,38,40,7
01/08/11,6,7,26,33,52,24
01/22/11,30,31,34,45,51,23
01/26/11,4,5,36,47,58,6
01/29/11,24,28,45,49,52,2
02/16/11,9,13,21,23,48,24
02/26/11,4,13,17,21,45,10
03/02/11,7,31,50,51,58,6
03/05/11,2,23,31,42,48,21
03/09/11,12,20,28,40,48,8
03/16/11,28,39,40,48,53,9
03/23/11,5,15,26,28,32,9
04/02/11,6,22,34,43,45,23
04/06/11,10,18,41,55,56,15
04/16/11,21,33,44,45,55,7
04/30/11,6,13,15,32,41,3
05/04/11,3,15,27,29,41,24
05/14/11,8,17,18,40,44,16
05/18/11,7,12,13,42,49,16
05/25/11,4,23,31,42,50,23
06/04/11,17,19,39,41,58,21
06/11/11,16,18,27,36,50,8
06/22/11,12,15,19,46,59,12
06/25/11,18,36,39,41,57,12
06/29/11,24,30,45,57,59,26
07/13/11,8,18,19,32,54,8
07/16/11,24,28,48,50,54,25
07/20/11,1,4,38,40,42,17
07/30/11,20,40,41,47,55,19
08/13/11,9,12,35,50,58,4
08/27/11,2,12,25,54,58,14
09/03/11,15,25,52,53,54,2
09/07/11,3,5,18,27,54,13
09/10/11,4,19,22,32,53,24
09/14/11,16,41,42,50,59,5
09/21/11,12,47,48,52,55,13
09/24/11,3,4,12,27,44,26
09/28/11,30,41,50,51,53,8
10/05/11,7,20,43,46,54,17
10/19/11,16,26,35,52,58,2
10/22/11,3,8,23,30,58,13
10/26/11,1,18,21,39,55,6
11/05/11,2,33,39,40,43,26
11/09/11,5,35,57,58,59,12
11/12/11,4,35,36,51,56,8
11/23/11,4,30,35,57,59,25
11/30/11,2,6,34,35,47,22
12/03/11,5,18,33,43,45,8
12/10/11,4,19,33,41,59,9
12/14/11,2,24,46,52,56,19
12/21/11,10,13,15,31,54,18
12/24/11,14,16,30,51,52,19
12/28/11,16,21,27,41,45,14
01/04/12,21,35,46,47,50,2
01/07/12,3,21,24,38,39,24
01/11/12,5,19,29,45,47,25
01/25/12,4,19,28,29,47,5
01/28/12,5,33,41,54,59,13
02/04/12,15,23,43,45,56,7
02/18/12,23,28,50,56,59,5
02/25/12,6,11,42,53,54,7
02/29/12,1,4,11,23,26,14
03/10/12,5,14,17,20,41,5
03/14/12,1,8,41,46,59,24
03/21/12,32,43,53,55,56,6
03/24/12,1,15,35,37,47,8
04/04/12,1,24,33,45,49,6
04/07/12,5,13,17,20,30,18
04/11/12,16,23,42,44,47,2
04/21/12,6,8,20,42,51,16
05/09/12,1,7,11,55,56,1
05/12/12,10,24,35,53,58,22
05/16/12,3,7,21,28,43,2
05/26/12,13,14,41,49,59,14
05/30/12,9,10,24,52,56,14
06/13/12,7,10,14,33,57,18
06/20/12,11,17,29,56,57,14
06/30/12,7,15,20,41,44,22
07/11/12,5,22,36,49,55,23
07/14/12,4,16,32,37,46,13
07/18/12,2,5,20,23,57,3
07/21/12,9,31,38,54,56,20
07/25/12,3,14,35,38,46,16
07/28/12,5,6,13,36,50,13
08/01/12,3,16,48,56,58,4
08/04/12,19,30,48,53,55,18
08/11/12,4,13,39,46,51,1
08/15/12,6,27,46,51,56,21
08/18/12,14,26,41,55,59,1
08/25/12,1,6,7,20,49,23
09/01/12,8,11,21,44,49,22
09/12/12,24,33,36,48,56,6
09/15/12,3,20,26,43,48,1
09/19/12,1,5,8,39,50,23
10/13/12,2,5,25,26,49,18
10/24/12,3,18,21,23,50,4
11/03/12,4,7,9,30,54,25
11/07/12,32,34,45,52,58,20
11/14/12,8,10,30,44,58,13
11/17/12,3,15,27,58,59,20
11/21/12,8,18,24,30,39,26
11/28/12,5,16,22,23,29,6
12/01/12,3,10,19,36,46,3
12/08/12,7,23,26,40,53,21
12/19/12,5,8,20,23,30,3
12/22/12,1,18,35,39,44,11
12/26/12,11,13,23,43,54,4
12/29/12,36,46,50,52,55,14
01/02/13,18,20,28,35,53,20
01/05/13,26,30,49,51,54,25
01/12/13,10,14,21,23,47,7
01/23/13,11,12,24,43,45,9
01/30/13,14,16,32,47,52,16
02/06/13,5,27,36,38,41,12
02/09/13,5,6,16,36,58,3
02/20/13,3,17,19,25,32,17
02/27/13,3,14,20,34,48,21
03/09/13,10,37,40,46,52,12
03/27/13,7,37,43,48,52,16
04/10/13,1,36,40,52,53,20
04/24/13,9,19,31,56,59,2
04/27/13,3,23,48,54,55,5
05/01/13,22,26,31,54,55,18
05/04/13,7,12,26,36,40,17
05/22/13,9,31,35,41,57,26
05/29/13,9,14,17,49,57,2
06/01/13,22,28,33,53,59,14
06/08/13,2,11,22,26,32,19
06/15/13,28,36,40,48,55,1
06/19/13,7,46,47,52,57,17
06/29/13,8,28,30,53,56,16
07/13/13,2,8,22,35,37,6
07/20/13,14,25,27,38,58,6
07/27/13,9,23,40,53,58,6
07/31/13,8,24,39,49,59,5
08/03/13,21,24,36,42,45,15
08/14/13,4,11,17,43,51,20
08/17/13,18,21,46,54,56,23
08/21/13,30,40,42,46,48,23
08/24/13,12,17,25,45,59,19
08/31/13,2,7,25,40,56,20
09/07/13,2,19,22,26,45,24
09/14/13,1,17,25,37,44,20
09/18/13,7,10,22,32,35,19
09/25/13,2,7,17,49,53,23
09/28/13,14,47,52,53,54,5
10/02/13,4,6,25,42,51,17
10/19/13,9,33,54,56,57,5
11/06/13,1,5,10,15,49,22
11/13/13,5,31,50,55,56,9
11/16/13,10,29,37,44,59,10
11/20/13,4,18,23,32,45,7
11/23/13,5,12,43,52,55,10
11/27/13,18,25,50,55,57,17
12/04/13,6,9,11,31,44,25
12/18/13,7,24,37,39,40,1
12/21/13,25,36,40,45,51,8
12/28/13,8,35,44,51,56,18
01/01/14,15,24,40,48,52,23
01/08/14,10,28,39,47,58,22
01/15/14,7,8,9,24,29,25
01/25/14,8,12,18,55,57,2
01/29/14,11,23,28,32,47,20
02/01/14,5,12,15,27,38,7
02/05/14,8,17,32,57,59,24
02/12/14,36,44,49,52,57,1
03/15/14,2,5,34,51,58,9
03/22/14,13,28,31,55,58,15
03/26/14,28,33,41,44,59,21
04/02/14,8,13,19,22,53,24
04/16/14,34,39,42,44,59,8
04/19/14,5,6,29,35,51,21
04/23/14,19,25,29,36,48,12
04/26/14,3,7,22,30,33,20
05/10/14,4,31,41,47,55,1
05/17/14,23,32,39,47,49,22
05/24/14,15,16,28,49,55,18
06/04/14,1,7,10,22,49,24
06/07/14,28,30,35,58,59,15
06/28/14,8,12,34,43,56,9
07/05/14,24,34,36,57,58,11
07/19/14,10,17,25,45,53,9
07/23/14,4,10,12,22,31,3
07/26/14,24,28,30,38,39,16
08/09/14,3,12,31,34,51,24
08/27/14,17,24,26,45,46,19
09/17/14,18,25,36,48,50,23
09/20/14,22,23,30,37,39,16
09/27/14,2,11,35,52,54,13
10/08/14,5,16,31,46,50,18
10/15/14,5,7,19,27,28,20
10/18/14,20,26,27,36,54,19
10/22/14,29,30,40,42,50,16
10/29/14,25,28,48,57,59,16
11/08/14,9,19,33,38,54,15
11/19/14,6,36,38,48,51,17
12/03/14,25,30,32,46,54,26
12/17/14,22,31,38,47,48,15
01/03/15,4,18,43,46,55,25
01/10/15,2,9,19,28,29,19
01/14/15,2,4,10,41,53,22
01/24/15,16,19,20,29,33,10
02/04/15,24,36,51,52,56,22
02/18/15,1,9,29,32,49,22
02/21/15,10,14,18,34,51,26
02/25/15,17,19,21,32,39,8
03/18/15,14,25,30,33,47,8
03/21/15,11,16,30,38,42,7
03/25/15,7,19,23,50,54,14
03/28/15,2,4,6,12,38,17
04/11/15,1,12,32,42,58,12
04/18/15,13,22,23,29,31,17
04/22/15,10,14,25,39,53,18
04/25/15,21,33,35,38,45,12
04/29/15,1,26,34,38,51,6
05/13/15,1,25,29,31,47,7
05/20/15,1,12,28,35,44,25
05/30/15,8,9,25,56,57,22
06/10/15,31,32,48,49,53,25
06/17/15,20,21,22,41,54,7
06/24/15,3,5,10,22,32,7
07/04/15,3,6,14,18,24,21
07/15/15,13,16,34,45,50,11
07/22/15,12,31,43,44,57,11
07/25/15,27,29,34,41,44,2
08/05/15,9,11,14,16,42,19
08/15/15,3,13,17,42,52,24
08/22/15,4,12,14,21,55,7
08/26/15,2,22,32,45,56,12
09/02/15,17,22,30,46,56,16
09/05/15,10,16,18,29,45,19
09/09/15,44,45,47,50,51,8
09/16/15,5,7,24,31,39,7
09/19/15,12,17,26,43,48,24
09/23/15,8,29,41,51,58,5
09/26/15,23,31,42,50,57,5
09/30/15,21,39,40,55,59,17
10/03/15,6,26,33,44,46,4
10/07/15,18,30,40,48,52,9
10/10/15,12,27,29,43,68,1
10/17/15,48,49,57,62,69,19
10/21/15,30,32,42,56,57,11
10/24/15,20,31,56,60,64,2
10/31/15,9,20,25,47,68,7
11/04/15,2,12,17,20,65,17
11/11/15,4,26,32,55,64,18
11/18/15,17,40,41,46,69,6
11/25/15,16,29,53,58,69,21
11/28/15,2,6,47,66,67,2
12/02/15,14,18,19,32,64,9
12/05/15,13,27,33,47,68,13
12/09/15,7,10,16,46,56,1
12/12/15,2,14,19,30,62,22
12/16/15,9,10,32,42,55,6
12/19/15,28,30,41,59,68,10
12/23/15,16,38,55,63,67,25
12/26/15,27,40,44,59,65,20
01/02/16,5,6,15,29,42,10
01/06/16,2,11,47,62,63,17
01/13/16,4,8,19,27,34,10
01/16/16,3,51,52,61,64,6
01/20/16,5,39,44,47,69,24
01/23/16,22,32,34,40,69,19
01/27/16,3,12,40,52,67,21
02/03/16,26,28,31,60,67,23
02/06/16,4,13,31,36,52,8
02/13/16,7,15,18,19,36,20
02/24/16,21,31,64,65,67,5
02/27/16,10,11,21,22,53,18
03/02/16,12,13,44,52,62,6
03/12/16,11,28,50,57,62,23
03/16/16,10,12,13,46,50,21
03/23/16,5,8,15,22,49,25
03/26/16,11,23,42,52,68,6
03/30/16,24,44,53,55,63,19
04/02/16,9,28,30,40,61,3
04/13/16,30,33,35,38,64,22
04/16/16,3,18,25,32,51,3
04/20/16,12,25,30,52,62,8
04/23/16,19,35,46,59,62,13
04/27/16,2,25,33,39,64,17
05/04/16,30,47,57,66,69,3
05/11/16,20,32,52,66,69,23
05/14/16,13,27,47,64,65,9
05/18/16,23,25,39,54,67,11
05/25/16,11,24,41,59,64,15
05/28/16,6,33,34,58,59,12
06/01/16,23,30,33,40,69,12
06/08/16,12,25,37,60,69,20
06/11/16,20,27,36,41,58,7
06/15/16,4,22,24,31,33,10
06/18/16,2,23,41,53,63,11
06/22/16,14,40,42,43,52,17
07/02/16,10,34,39,59,63,4
07/06/16,2,24,31,57,66,18
07/09/16,10,28,32,61,64,12
07/13/16,3,15,29,54,57,10
07/16/16,11,17,40,50,62,26
07/20/16,6,25,35,58,66,5
07/27/16,10,47,50,65,68,24
07/30/16,11,17,21,23,32,5
08/03/16,9,11,27,66,67,2
08/06/16,20,33,36,47,52,12
08/10/16,23,56,61,64,67,12
08/13/16,38,44,60,64,69,6
08/20/16,3,6,21,60,68,24
08/27/16,4,32,48,49,63,20
08/31/16,5,10,24,56,61,12
09/03/16,7,39,50,59,67,25
09/07/16,22,23,29,33,55,21
09/10/16,3,17,49,55,68,8
09/21/16,1,28,63,67,69,17
09/24/16,7,15,20,29,41,22
09/28/16,30,38,52,53,62,1
10/05/16,8,18,27,29,60,15
10/08/16,3,54,61,64,68,9
10/15/16,23,49,57,64,67,20
10/29/16,19,20,21,42,48,23
11/02/16,13,18,37,54,61,5
11/05/16,21,31,50,51,69,8
11/09/16,1,25,28,31,54,2
11/12/16,8,17,20,27,52,24
11/16/16,28,41,61,63,65,7
11/23/16,7,32,41,47,61,3
11/30/16,3,14,18,25,45,7
12/03/16,8,10,26,27,33,22
12/07/16,41,48,49,53,64,20
12/14/16,18,26,37,39,66,15
12/21/16,25,33,40,54,68,3
12/24/16,28,38,42,51,52,21
12/31/16,1,3,28,57,67,9
01/07/17,3,12,24,37,63,10
01/14/17,23,55,59,64,69,13
01/18/17,9,40,41,53,58,12
01/21/17,23,25,45,52,67,2
01/25/17,18,28,62,66,68,22
02/01/17,9,43,57,60,64,10
02/08/17,14,20,42,49,66,5
02/15/17,5,28,33,38,42,19
02/18/17,3,7,9,31,33,20
02/25/17,6,32,47,62,65,19
03/04/17,2,18,19,22,63,19
03/08/17,23,33,42,46,59,4
03/15/17,16,30,41,48,53,16
03/18/17,13,25,44,54,67,5
03/22/17,2,9,27,29,42,9
03/25/17,18,31,32,45,48,16
03/29/17,8,15,31,36,62,11
04/05/17,8,20,46,53,54,13
04/08/17,23,36,51,53,60,15
04/12/17,8,14,61,63,68,24
04/15/17,5,22,26,45,61,13
04/22/17,21,39,41,48,63,6
04/29/17,22,23,24,45,62,5
05/06/17,11,21,31,41,59,21
05/10/17,29,31,46,56,62,8
05/17/17,4,11,39,45,48,9
05/24/17,28,32,33,38,62,15
05/31/17,4,33,39,46,60,6
06/07/17,5,21,57,66,69,13
06/10/17,20,26,32,38,58,3
06/14/17,5,22,43,57,63,24
06/17/17,10,13,32,53,62,21
06/21/17,14,46,61,65,68,13
06/24/17,10,22,32,36,58,10
06/28/17,29,37,46,53,68,8
07/01/17,19,42,45,48,53,16
07/05/17,4,9,16,54,68,21
07/12/17,1,2,18,23,61,9
07/19/17,50,51,59,61,63,4
07/22/17,5,32,44,53,60,9
07/29/17,1,28,40,45,48,12
08/02/17,1,16,54,63,69,18
08/05/17,11,21,28,33,45,11
08/12/17,20,24,26,35,49,19
08/16/17,9,15,43,60,64,4
08/26/17,7,15,32,38,66,15
08/30/17,19,28,43,67,69,7
09/02/17,6,21,41,52,62,26
09/09/17,6,20,29,57,59,22
09/20/17,39,48,53,67,68,26
09/23/17,24,45,55,56,57,19
09/27/17,8,10,21,23,25,22
09/30/17,8,12,25,41,64,15
10/04/17,22,23,62,63,66,24
10/11/17,1,3,13,19,69,23
10/14/17,32,37,56,66,69,11
10/18/17,30,49,54,66,69,8
10/21/17,14,41,42,45,69,4
10/25/17,18,22,29,54,57,8
11/04/17,12,14,26,48,51,13
11/08/17,12,14,20,21,34,22
11/11/17,4,6,16,30,56,18
11/15/17,23,32,44,48,50,25
11/22/17,35,37,46,51,61,13
11/25/17,8,13,27,53,54,4
11/29/17,24,26,28,59,63,16
12/02/17,28,30,32,36,58,6
12/06/17,19,20,50,55,62,9
12/09/17,25,36,37,55,60,6
12/13/17,2,24,28,51,58,7
12/16/17,9,35,37,50,63,11
12/23/17,1,3,13,15,44,25
12/27/17,3,9,16,56,60,3
12/30/17,28,36,41,51,58,24
01/06/18,12,29,30,33,61,26
01/10/18,7,24,33,49,50,4
01/13/18,14,25,35,58,69,24
01/17/18,3,33,37,51,57,21
01/20/18,26,28,47,49,58,3
01/24/18,5,9,11,33,64,21
01/27/18,17,21,26,47,54,7
01/31/18,4,7,14,46,59,22
02/03/18,15,23,27,48,53,6
02/07/18,23,34,35,40,47,10
02/10/18,1,13,27,41,59,20
02/14/18,37,39,44,46,69,26
02/21/18,7,15,31,34,36,8
02/28/18,12,30,59,65,69,16
03/03/18,13,17,25,36,40,5
03/10/18,43,44,54,61,69,22
03/14/18,6,12,24,41,68,9
03/17/18,22,57,59,60,66,7
03/28/18,6,8,26,52,53,21
03/31/18,8,24,52,55,61,21
04/04/18,8,24,42,54,64,24
04/07/18,2,17,20,38,39,20
04/14/18,17,19,26,61,62,15
04/18/18,9,10,12,17,23,9
04/21/18,40,50,54,62,69,19
05/05/18,14,29,36,57,61,17
05/09/18,11,16,38,50,69,19
05/12/18,22,42,45,55,56,14
05/16/18,17,19,21,22,51,19
05/19/18,3,6,9,17,56,25
05/23/18,20,54,56,61,64,7
05/26/18,1,21,31,45,49,21
05/30/18,17,23,26,46,68,20
06/02/18,23,25,37,44,64,7
06/06/18,23,28,41,53,56,14
06/16/18,9,45,57,58,65,9
06/20/18,4,14,23,27,56,13
06/23/18,16,29,43,45,56,25
06/27/18,7,28,37,62,63,15
06/30/18,3,9,20,42,61,24
07/07/18,1,10,43,45,64,22
07/14/18,22,41,42,49,67,11
07/18/18,1,10,27,28,36,12
07/21/18,9,23,56,58,68,1
07/28/18,22,27,46,56,65,13
08/01/18,5,22,32,38,58,26
08/04/18,3,11,38,44,58,2
08/08/18,10,21,30,43,63,17
08/11/18,5,43,56,62,68,24
08/18/18,24,34,52,61,67,16
08/22/18,1,7,45,47,69,13
08/29/18,25,41,53,57,67,12
09/05/18,6,15,50,59,60,13
09/08/18,3,13,20,32,33,21
09/12/18,6,28,48,63,64,24
09/19/18,4,39,48,50,51,11
09/26/18,1,2,7,30,50,8
10/06/18,1,22,27,53,67,15
10/10/18,8,23,27,42,60,7
10/13/18,11,14,32,43,65,15
10/17/18,3,57,64,68,69,15
10/20/18,16,54,57,62,69,23
10/24/18,3,21,45,53,56,22
10/31/18,7,25,39,40,47,20
11/07/18,26,28,34,42,50,25
11/10/18,5,29,34,53,57,24
11/14/18,7,42,49,62,69,23
11/17/18,6,8,20,52,68,5
11/28/18,4,19,59,68,69,21
12/01/18,10,11,47,55,58,26
12/05/18,9,11,36,37,38,11
12/08/18,14,32,34,46,61,10
12/12/18,4,9,21,29,64,26
12/15/18,8,38,43,52,55,17
12/19/18,15,29,31,37,43,16
12/22/18,21,28,30,40,59,26
12/26/18,5,25,38,52,67,24
01/02/19,8,12,42,46,56,12
01/12/19,7,36,48,57,58,24
01/19/19,5,8,41,65,66,20
01/26/19,8,12,20,21,32,10
01/30/19,2,12,16,29,54,6
02/02/19,10,17,18,43,65,13
02/06/19,5,13,28,38,63,21
02/16/19,29,30,41,48,64,1
02/23/19,4,6,14,20,32,13
02/27/19,21,31,42,49,59,23
03/09/19,5,6,45,55,59,14
03/13/19,18,36,45,47,69,14
03/16/19,30,34,39,53,67,11
03/20/19,10,14,50,53,63,21
03/23/19,24,25,52,60,66,5
03/27/19,16,20,37,44,62,12
03/30/19,21,52,54,64,68,4
04/06/19,15,33,43,59,60,8
04/10/19,12,21,23,39,67,6
04/20/19,3,27,30,63,65,1
04/27/19,2,29,41,45,62,6
05/04/19,6,16,23,30,61,2
05/08/19,1,45,53,64,66,3
05/11/19,6,8,9,37,40,26
05/15/19,7,17,33,61,68,4
05/18/19,2,10,25,66,67,26
05/22/19,7,10,20,44,57,3
05/25/19,1,2,39,43,66,2
05/29/19,3,32,34,42,61,7
06/05/19,17,23,28,34,38,8
06/08/19,9,13,42,48,60,18
06/12/19,5,35,38,42,57,13
06/15/19,8,11,14,16,49,14
06/19/19,4,18,21,26,38,1
06/26/19,1,5,16,22,54,24
06/29/19,13,17,24,59,62,8
07/03/19,40,43,45,50,61,25
07/06/19,4,8,23,46,65,1
07/24/19,22,29,35,53,56,13
07/31/19,14,37,47,55,67,6
08/10/19,35,41,44,58,59,3
08/14/19,10,13,30,51,69,10
08/17/19,18,21,24,30,60,20
08/24/19,5,12,20,21,47,1
08/28/19,9,32,37,41,56,14
08/31/19,14,41,50,56,57,18
09/07/19,11,20,41,42,56,6
09/11/19,6,17,24,53,57,3
09/14/19,11,27,31,36,67,11
09/28/19,15,23,34,51,55,4
10/05/19,6,14,36,51,54,4
10/09/19,5,18,33,43,65,2
10/16/19,1,5,25,63,67,3
10/19/19,14,27,29,59,65,12
10/26/19,3,20,48,54,59,4
11/02/19,3,23,32,37,58,22
11/06/19,15,28,46,62,64,17
11/09/19,14,17,35,38,60,25
11/16/19,14,22,26,55,63,26
11/20/19,7,15,39,40,57,12
11/27/19,15,26,37,53,55,21
11/30/19,15,35,42,63,68,18
12/04/19,8,27,44,51,61,14
12/07/19,18,42,53,62,66,25
12/11/19,24,29,42,44,63,10
12/25/19,2,4,16,30,46,20
12/28/19,20,23,39,59,60,18
01/01/20,49,53,57,59,62,26
01/08/20,2,4,7,43,56,22
01/11/20,3,21,23,31,59,3
01/15/20,39,41,53,55,68,19
01/22/20,11,33,44,59,67,8
01/25/20,2,9,17,36,67,18
01/29/20,9,12,15,31,60,2
02/01/20,12,33,54,57,60,13
02/08/20,35,49,50,59,66,6
02/12/20,14,47,54,55,68,25
02/15/20,16,32,35,36,46,3
02/22/20,25,37,39,61,62,11
02/26/20,8,27,29,36,47,24
02/29/20,24,44,46,50,51,13
03/04/20,18,43,58,60,68,14
03/11/20,4,29,49,50,67,2
03/14/20,9,23,26,30,32,8
03/18/20,15,27,44,59,63,8
03/21/20,2,23,40,59,69,13
03/25/20,5,9,27,39,42,16
03/28/20,7,40,48,55,66,11
04/01/20,33,35,45,48,60,16
04/08/20,2,37,39,48,54,5
04/11/20,22,29,30,42,47,17
04/15/20,10,12,33,36,41,2
04/22/20,1,33,35,40,69,24
04/25/20,1,3,21,47,57,18
05/02/20,13,16,33,58,68,24
05/09/20,12,18,42,48,65,19
05/16/20,8,12,26,39,42,11
05/20/20,18,34,40,42,50,9
05/27/20,38,58,59,64,68,21
05/30/20,13,32,41,58,60,14
06/06/20,1,17,38,68,69,18
06/13/20,2,12,32,50,65,5
06/17/20,7,10,63,64,68,10
06/20/20,10,31,41,63,67,5
06/24/20,15,22,27,33,46,23
06/27/20,9,36,49,56,62,8
07/01/20,15,28,52,53,63,18
07/04/20,16,21,27,60,61,6
07/08/20,3,10,34,36,62,5
07/11/20,14,19,61,62,64,4
07/15/20,27,47,61,62,69,4
07/18/20,13,16,32,58,59,9
07/22/20,16,25,36,44,55,14
07/25/20,5,21,36,61,62,18
08/01/20,6,25,36,43,48,24
08/05/20,7,14,17,57,65,24
08/08/20,2,3,14,40,51,24
08/12/20,2,6,18,36,37,21
08/15/20,5,12,34,45,56,3
08/19/20,13,23,47,55,58,23
08/22/20,19,30,36,42,66,14
09/05/20,15,21,22,27,47,7
09/09/20,27,52,55,60,64,21
09/16/20,10,17,31,51,53,1
09/19/20,11,14,23,47,57,14
09/23/20,8,17,49,52,59,1
09/26/20,11,21,27,36,62,24
09/30/20,14,18,36,49,67,18
10/07/20,6,24,30,53,56,19
10/10/20,5,18,23,40,50,18
10/14/20,21,37,52,53,58,5
10/21/20,1,3,13,44,56,26
10/31/20,2,6,40,42,55,24
11/04/20,23,32,33,45,49,14
11/07/20,14,16,37,48,58,18
11/11/20,13,15,17,45,63,13
11/18/20,4,5,17,43,52,5
11/25/20,2,57,58,60,65,26
11/28/20,8,12,18,44,51,18
12/02/20,28,31,40,41,46,4
12/05/20,3,4,6,48,53,10
12/09/20,11,14,31,47,48,4
12/16/20,4,23,37,61,67,7
12/19/20,27,32,34,43,52,13
12/23/20,6,13,38,39,53,6
12/26/20,10,24,27,35,53,18
12/30/20,3,43,45,61,65,14
01/02/21,3,4,11,41,67,5
01/09/21,14,26,38,45,46,13
01/13/21,4,19,23,25,49,14
01/16/21,14,20,39,65,67,2
01/20/21,40,53,60,68,69,22
01/23/21,5,8,17,27,28,14
01/27/21,17,33,35,42,52,9
02/03/21,5,37,40,64,66,5
02/06/21,1,16,48,49,65,8
02/10/21,15,39,58,63,67,7
02/13/21,20,28,33,63,68,20
02/20/21,4,8,22,32,58,4
03/06/21,11,31,50,52,58,18
03/10/21,17,18,37,44,53,18
03/13/21,5,11,51,56,61,2
03/17/21,34,38,42,61,62,19
03/20/21,1,6,22,42,61,4
03/24/21,4,9,17,27,38,18
03/27/21,6,14,38,39,65,6
04/03/21,1,12,17,39,53,5
04/07/21,27,35,39,51,66,16
04/10/21,14,16,23,50,53,3
04/24/21,22,36,48,59,61,22
05/01/21,35,36,47,61,63,3
05/05/21,16,23,28,40,63,1
05/12/21,1,19,20,38,54,17
05/15/21,4,10,37,39,69,24
05/19/21,11,13,55,56,69,4
05/22/21,3,19,27,37,40,8
05/29/21,11,13,22,27,46,20
06/05/21,44,52,54,64,69,26
06/12/21,8,25,34,38,41,10
06/16/21,19,29,34,44,50,25
06/19/21,4,22,35,38,39,20
06/23/21,13,20,40,51,63,1
06/26/21,8,31,39,43,60,17
06/30/21,24,29,50,65,66,14
07/03/21,26,40,41,55,65,24
07/10/21,1,5,29,54,62,3
07/14/21,33,46,52,59,62,10
07/17/21,15,22,38,54,66,3
07/21/21,27,28,44,67,68,11
07/24/21,1,4,11,59,67,10
07/28/21,25,30,53,59,60,5
08/11/21,12,18,20,29,30,16
08/18/21,35,36,51,55,61,26
08/21/21,16,28,36,39,59,4
08/23/21,3,28,34,39,63,25
08/23/21,17,36,47,60,61,15
08/25/21,27,39,54,56,59,24
08/28/21,6,13,41,47,48,10
08/28/21,12,22,26,46,59,26
08/30/21,18,27,42,43,47,13
09/01/21,23,35,45,59,63,24
09/01/21,10,20,29,48,51,17
09/04/21,32,35,40,52,54,1
09/06/21,11,20,22,33,54,24
09/06/21,5,10,31,38,43,20
09/08/21,5,33,40,50,59,6
09/15/21,5,34,36,38,57,7
09/15/21,1,4,18,46,62,25
09/18/21,1,11,17,20,42,20
09/18/21,5,36,39,45,57,11
09/20/21,6,12,49,58,67,7
09/20/21,37,51,54,58,60,19
09/22/21,6,7,36,41,59,7
09/22/21,20,40,47,55,63,5
09/25/21,22,23,37,62,63,19
09/25/21,14,18,27,31,56,2
09/29/21,2,7,11,17,32,11
10/02/21,6,12,39,58,61,22
10/02/21,28,38,42,47,52,1
10/04/21,12,22,54,66,69,15
10/06/21,1,5,17,22,30,4
10/06/21,1,17,52,58,64,1
10/09/21,1,26,37,38,62,17
10/09/21,12,17,30,45,62,5
10/11/21,9,39,44,49,60,12
10/13/21,23,29,47,59,60,15
10/16/21,26,33,42,44,45,20
10/16/21,30,31,41,42,48,3
10/18/21,30,32,48,53,63,12
10/20/21,7,29,36,41,43,5
10/20/21,1,4,31,37,64,24
10/25/21,1,26,29,46,67,13
10/27/21,3,6,26,35,51,17
10/30/21,5,23,28,43,56,19
10/30/21,26,29,35,39,46,11
11/01/21,9,25,34,44,45,8
11/01/21,15,37,43,44,50,2
11/03/21,1,2,24,50,57,26
11/03/21,10,22,24,37,47,2
11/06/21,5,23,27,52,55,9
11/06/21,8,30,48,57,64,9
11/08/21,5,6,15,22,51,19
11/10/21,19,25,43,46,48,14
11/13/21,8,15,26,35,45,9
11/15/21,1,6,10,52,64,18
11/15/21,5,31,34,51,53,23
11/17/21,3,16,48,52,60,1
11/17/21,32,44,46,55,68,22
11/20/21,3,24,37,44,46,19
11/20/21,40,43,48,59,69,19
11/24/21,1,18,23,25,61,17
11/24/21,10,16,32,63,65,17
11/27/21,8,32,55,64,66,10
11/29/21,1,31,59,67,68,14
11/29/21,18,26,28,38,47,17
12/01/21,2,25,34,58,59,26
12/04/21,10,40,45,56,67,2
12/04/21,6,19,36,46,59,8
12/06/21,8,15,27,55,66,17
12/08/21,3,7,33,50,69,24
12/08/21,2,9,51,63,68,15
12/11/21,10,20,28,46,62,25
12/11/21,3,25,44,53,64,10
12/13/21,10,30,37,53,59,4
12/18/21,9,16,37,57,66,11
12/18/21,2,6,24,51,61,1
12/20/21,8,26,36,37,47,19
12/20/21,2,13,23,34,66,2
12/22/21,7,16,19,48,68,15
12/22/21,4,25,49,59,61,11
12/25/21,1,15,28,48,51,26
12/25/21,27,29,45,55,58,2
12/27/21,6,11,23,24,40,9
12/27/21,36,38,45,62,64,19
12/29/21,43,51,53,63,68,5
12/29/21,2,6,9,33,39,11
01/01/22,4,6,7,10,30,9
01/01/22,6,12,39,48,50,7
01/03/22,4,19,26,64,65,16
01/05/22,6,14,25,33,46,17
01/05/22,23,41,56,62,65,4
01/08/22,31,48,50,54,66,20
01/08/22,20,21,36,60,65,13
01/10/22,11,28,47,59,68,23
01/10/22,14,17,18,21,27,9
01/12/22,14,25,50,53,66,2
01/15/22,7,16,24,53,62,24
01/15/22,3,18,37,51,59,13
01/19/22,24,25,35,59,63,11
01/19/22,11,15,43,55,61,10
01/22/22,2,10,30,45,47,21
01/22/22,8,14,33,36,67,17
01/24/22,11,29,30,47,53,16
01/26/22,4,11,38,49,69,16
01/26/22,10,27,40,43,45,25
01/29/22,18,35,39,53,69,5
01/29/22,2,15,38,54,65,11
01/31/22,10,15,51,61,69,14
02/02/22,12,39,55,66,67,16
02/02/22,18,29,33,62,63,15
02/05/22,13,17,24,44,52,17
02/07/22,9,20,27,47,55,14
02/07/22,5,15,38,47,65,10
02/09/22,21,36,42,47,68,3
02/12/22,8,10,21,41,62,7
02/12/22,4,6,15,53,61,23
02/14/22,1,5,35,37,49,11
02/14/22,16,25,27,49,55,17
02/16/22,18,25,28,30,38,10
02/19/22,3,10,15,33,42,11
02/23/22,7,11,19,34,59,14
02/23/22,6,17,21,35,64,18
02/26/22,15,32,36,48,64,19
02/28/22,7,21,39,47,55,19
03/02/22,1,7,10,32,56,13
03/02/22,19,37,48,61,63,12
03/05/22,8,23,37,52,63,13
03/05/22,2,25,32,33,50,12
03/07/22,10,43,55,59,67,2
03/07/22,17,24,26,41,43,26
03/12/22,4,16,40,49,50,15
03/12/22,19,20,37,39,61,8
03/14/22,7,8,11,19,40,6
03/14/22,21,28,32,44,49,6
03/19/22,8,9,18,48,52,6
03/21/22,14,17,25,51,57,24
03/21/22,1,15,26,63,65,16
03/23/22,15,18,24,26,62,1
03/23/22,31,32,37,38,48,24
03/26/22,2,10,50,59,61,6
03/26/22,18,39,40,55,60,25
03/28/22,23,32,36,51,59,9
04/02/22,6,28,47,58,59,18
04/02/22,6,7,41,57,61,14
04/04/22,2,32,39,46,69,6
04/04/22,6,49,55,58,59,15
04/09/22,6,16,31,62,66,18
04/09/22,3,5,35,48,67,5
04/11/22,18,20,24,29,47,12
04/13/22,17,51,54,55,58,19
04/13/22,14,16,41,63,68,26
04/16/22,33,40,47,55,64,5
04/16/22,15,21,32,62,65,26
04/18/22,12,17,29,65,66,7
04/23/22,10,39,47,49,56,8
04/23/22,2,30,39,54,63,17
04/25/22,12,18,20,39,61,10
04/25/22,14,23,29,38,43,20
04/27/22,1,12,35,38,50,10
04/30/22,14,21,37,44,63,1
05/02/22,6,23,29,37,65,12
05/02/22,18,27,33,39,44,8
05/04/22,6,31,39,44,46,26
05/04/22,37,39,55,63,69,23
05/09/22,3,42,45,57,67,2
05/14/22,6,40,41,45,52,9
05/16/22,7,12,34,35,67,26
05/18/22,40,41,58,64,65,17
05/18/22,9,27,41,59,64,21
05/21/22,14,15,25,52,58,11
05/21/22,16,20,35,54,69,15
05/23/22,33,45,60,62,65,2
05/23/22,1,33,37,39,42,26
05/25/22,3,16,20,33,45,11
05/25/22,19,28,39,42,57,17
05/28/22,11,34,52,61,69,24
05/28/22,2,39,50,61,66,15
06/01/22,11,41,56,57,63,2
06/04/22,14,16,36,52,60,16
06/04/22,11,39,41,55,61,10
06/06/22,1,10,36,53,61,21
06/06/22,2,10,35,44,46,4
06/08/22,23,49,51,58,65,12
06/11/22,1,32,46,56,65,23
06/11/22,18,20,26,53,69,5
06/13/22,8,20,35,48,67,15
06/13/22,2,27,42,44,51,25
06/15/22,3,44,47,48,67,11
06/15/22,19,28,41,42,51,7
06/18/22,10,19,40,45,58,25
06/20/22,3,44,61,63,69,13
06/20/22,4,26,27,43,56,18
06/22/22,7,31,39,51,53,21
06/25/22,16,46,58,63,69,18
06/27/22,11,13,18,30,37,16
06/27/22,34,47,53,57,68,2
06/29/22,11,26,28,34,60,5
06/29/22,8,40,49,58,63,14
07/02/22,9,10,37,59,62,26
07/04/22,9,41,55,57,60,5
07/06/22,2,5,20,26,31,13
07/06/22,32,36,49,62,69,13
07/09/22,14,23,24,57,65,18
07/11/22,4,26,34,37,52,9
07/11/22,16,25,38,62,67,5
07/13/22,14,17,21,32,37,8
07/16/22,2,19,32,36,56,5
07/16/22,3,18,23,32,57,21
07/18/22,9,29,39,43,56,19
07/18/22,14,34,36,50,58,5
07/20/22,4,14,26,30,52,18
07/23/22,20,29,34,50,63,20
07/23/22,39,41,54,59,62,12
07/25/22,34,41,43,66,68,8
07/27/22,1,25,44,55,57,26
07/27/22,2,10,11,63,68,1
07/30/22,16,19,23,32,40,15
07/30/22,4,17,57,58,68,12
08/01/22,11,26,27,55,57,2
08/01/22,15,21,31,36,65,16
08/03/22,24,28,29,31,48,12
08/03/22,9,21,56,57,66,11
08/06/22,9,19,30,40,48,16
08/08/22,11,42,46,48,57,9
08/08/22,32,45,51,57,58,12
08/10/22,11,24,30,53,69,7
08/10/22,29,44,59,61,68,19
08/13/22,19,24,35,43,62,2
08/13/22,10,29,37,43,65,19
08/15/22,20,24,47,50,63,5
08/17/22,15,16,36,53,61,14
08/17/22,23,28,41,50,55,24
08/20/22,14,19,36,39,65,25
08/20/22,5,9,11,16,66,7
08/22/22,42,50,59,61,64,21
08/22/22,12,27,34,55,67,9
08/27/22,16,18,43,49,51,6
08/27/22,2,18,56,60,65,14
08/29/22,13,36,43,61,69,18
08/29/22,25,27,51,52,58,1
08/31/22,7,15,21,41,56,16
09/05/22,4,7,32,55,64,25
09/05/22,10,31,48,50,68,7
09/07/22,3,16,30,33,36,20
09/07/22,4,26,28,29,42,10
09/10/22,38,42,56,68,69,4
09/10/22,25,30,34,55,56,26
09/12/22,6,14,16,34,66,25
09/12/22,1,16,19,48,60,11
09/14/22,15,16,17,23,29,5
09/17/22,5,25,36,51,61,1
09/19/22,7,11,23,27,38,4
09/19/22,7,15,36,46,67,7
09/21/22,18,28,39,47,49,16
09/21/22,6,33,34,45,54,7
09/24/22,15,30,38,46,66,25
09/26/22,13,20,31,33,59,20
09/26/22,7,15,39,54,59,11
09/28/22,14,24,34,56,60,8
09/28/22,6,10,24,33,67,11
10/03/22,4,5,50,66,67,15
10/05/22,17,23,24,36,61,16
10/05/22,26,30,33,37,62,6
10/08/22,3,33,46,63,68,17
10/08/22,13,43,53,60,68,5
10/12/22,14,30,41,42,59,6
10/15/22,6,19,32,48,50,1
10/17/22,19,30,36,46,60,25
10/17/22,29,35,36,40,52,18
10/19/22,4,24,32,55,59,13
10/22/22,19,25,48,55,60,18
10/22/22,9,21,30,49,51,3
10/24/22,12,48,51,63,67,26
10/24/22,18,23,35,45,54,16
10/26/22,5,36,38,39,54,19
10/26/22,19,36,37,46,56,24
10/29/22,9,13,31,35,37,1
10/29/22,19,31,40,46,57,23
10/31/22,9,14,52,57,62,24
10/31/22,13,19,36,39,59,13
11/02/22,20,34,37,57,67,26
11/05/22,28,45,53,56,69,20
11/05/22,4,23,27,31,56,15
11/07/22,1,21,27,29,40,18
11/07/22,10,33,41,47,56,10
11/09/22,4,15,31,52,62,16
11/09/22,7,14,24,30,56,7
11/12/22,8,18,29,44,68,3
11/12/22,16,20,44,57,58,6
11/14/22,1,24,32,63,69,13
11/14/22,19,35,53,54,67,21
11/19/22,7,28,62,63,64,10
11/21/22,1,6,40,51,67,2
11/21/22,8,23,41,49,63,15
11/23/22,1,2,31,39,66,25
11/26/22,1,35,39,41,54,17
11/26/22,15,30,47,50,51,3
11/28/22,1,5,19,47,55,3
11/28/22,29,30,32,48,50,20
11/30/22,16,34,41,47,55,23
11/30/22,4,19,24,47,66,10
12/03/22,6,13,33,36,37,7
12/05/22,15,50,51,53,68,21
12/05/22,35,45,47,54,55,14
12/07/22,6,28,44,59,61,21
12/07/22,16,25,26,37,48,16
12/10/22,9,23,47,49,68,19
12/10/22,1,34,37,40,53,2
12/12/22,28,39,43,63,67,26
12/12/22,16,31,50,55,61,9
12/14/22,36,51,59,66,68,25
12/17/22,6,9,10,19,28,23
12/19/22,18,32,40,65,67,6
12/21/22,10,16,25,39,52,23
12/24/22,17,37,46,54,67,8
12/26/22,17,41,47,60,61,17
12/28/22,26,32,38,45,56,1
12/28/22,4,10,14,41,56,16
12/31/22,1,25,29,54,56,9
12/31/22,18,37,44,50,64,11
01/02/23,11,12,15,33,39,24
01/02/23,7,9,12,31,62,22
01/04/23,12,32,56,67,68,26
01/07/23,35,36,44,45,67,14
01/09/23,19,41,47,53,54,25
01/09/23,18,43,48,60,69,14
01/11/23,4,8,46,47,48,5
01/14/23,17,19,31,33,64,13
01/16/23,4,14,33,39,61,3
01/16/23,37,40,46,54,59,15
01/18/23,6,15,22,42,47,26
01/18/23,4,11,14,54,69,16
01/21/23,5,14,19,46,64,22
01/23/23,6,15,31,45,58,5
01/25/23,9,17,20,38,40,18
01/28/23,47,51,53,62,63,16
01/30/23,3,25,28,42,61,17
02/01/23,31,43,58,59,66,9
02/04/23,6,38,57,58,63,8
02/06/23,14,19,58,59,68,16
02/08/23,52,58,59,64,66,9
02/08/23,40,41,57,64,65,21
02/13/23,12,17,26,61,69,22
02/15/23,31,32,54,60,63,12
02/15/23,25,30,44,52,66,22
02/18/23,4,36,39,44,46,20
02/20/23,3,17,26,38,54,15
02/22/23,11,19,39,44,65,7
02/25/23,11,24,58,66,67,26
03/01/23,7,12,16,17,39,22
03/01/23,2,9,28,36,53,4
03/04/23,17,18,24,36,56,25
03/04/23,10,16,18,40,66,16
03/06/23,10,19,26,47,55,21
03/06/23,2,13,29,58,69,4
03/08/23,26,27,43,61,69,4
03/08/23,13,20,29,41,45,19
03/11/23,7,16,22,36,58,5
03/13/23,5,25,32,38,62,6
03/15/23,16,18,33,37,50,8
03/18/23,21,30,34,57,59,8
03/18/23,14,20,30,54,69,11
03/20/23,2,18,31,59,60,19
03/20/23,1,27,32,47,67,14
03/22/23,27,28,37,50,57,5
03/25/23,18,30,35,42,52,1
03/25/23,15,17,18,47,57,19
03/27/23,19,26,36,43,58,14
03/27/23,7,11,46,49,60,1
03/29/23,4,9,24,46,66,7
04/01/23,11,19,21,29,52,17
04/01/23,3,14,34,56,57,2
04/03/23,5,10,16,30,40,20
04/03/23,16,30,31,54,68,1
04/05/23,12,30,46,52,59,1
04/08/23,15,26,44,49,51,22
04/08/23,11,22,24,51,60,18
04/10/23,6,14,20,24,63,2
04/12/23,16,19,32,33,41,19
04/15/23,1,33,34,56,59,18
04/17/23,5,34,35,58,67,21
04/19/23,9,17,22,24,31,5
04/22/23,9,10,50,62,63,14
04/22/23,17,36,47,63,68,25
04/24/23,19,21,55,66,68,3
04/26/23,2,15,30,35,49,6
04/29/23,3,13,36,50,61,16
04/29/23,16,53,54,57,65,8
05/01/23,14,20,29,33,57,2
05/03/23,11,35,57,60,64,22
05/06/23,1,9,20,21,55,11
05/08/23,15,20,33,36,43,12
05/08/23,4,31,50,53,63,24
05/10/23,21,22,24,52,58,3
05/10/23,21,24,33,55,69,3
05/15/23,1,26,28,55,58,25
05/17/23,18,34,37,45,51,14
05/17/23,21,26,37,52,53,26
05/20/23,19,32,54,55,68,24
05/22/23,14,17,38,39,40,14
05/22/23,9,38,48,52,68,25
05/24/23,7,25,29,40,45,12
05/24/23,12,21,44,50,58,26
05/27/23,21,28,31,48,49,18
05/27/23,24,38,39,48,56,4
05/29/23,21,33,35,62,64,24
05/31/23,2,4,54,61,62,14
06/03/23,8,26,34,58,69,7
06/03/23,15,45,64,67,68,18
06/05/23,3,11,14,37,44,2
06/05/23,2,31,45,46,49,20
06/07/23,16,21,29,53,66,2
06/10/23,21,32,42,46,50,4
06/12/23,9,15,22,54,64,19
06/14/23,3,20,36,42,64,4
06/17/23,2,12,45,61,64,26
06/17/23,8,12,21,33,51,14
06/19/23,14,15,39,57,69,7
06/19/23,36,39,52,57,69,1
06/21/23,5,11,33,35,63,14
06/24/23,12,17,50,53,64,20
06/24/23,2,38,44,50,62,19
06/28/23,19,25,34,57,68,4
07/01/23,13,24,49,54,60,17
07/01/23,4,17,35,49,61,8
07/03/23,15,37,50,55,69,9
07/05/23,10,19,47,50,53,26
07/10/23,2,24,34,53,58,13
07/10/23,21,30,37,41,56,14
07/12/23,42,49,54,62,63,21
07/15/23,2,9,43,55,57,18
07/19/23,13,15,28,43,57,25
07/22/23,31,37,39,54,65,14
07/24/23,3,6,32,58,68,25
07/24/23,3,4,12,28,49,25
07/26/23,31,43,51,60,69,13
07/26/23,3,16,40,48,60,14
07/29/23,10,25,27,34,38,2
07/31/23,15,32,33,34,35,4
07/31/23,2,11,48,58,65,13
08/05/23,14,25,37,57,67,16
08/07/23,6,13,20,35,54,22
08/07/23,26,29,37,49,63,22
08/09/23,10,15,21,67,69,3
08/09/23,1,42,51,61,63,17
08/12/23,19,21,37,50,65,26
08/14/23,32,34,37,39,47,3
08/16/23,9,11,17,19,55,1
08/16/23,15,22,44,49,63,26
08/19/23,1,25,27,38,62,13
08/21/23,1,13,19,49,66,7
08/21/23,3,4,12,22,28,16
08/23/23,18,25,38,56,61,19
08/23/23,25,30,32,33,55,20
08/26/23,1,19,54,63,64,15
08/28/23,4,6,25,55,68,26
08/30/23,2,10,45,46,59,2
08/30/23,4,13,35,61,69,4
09/02/23,25,38,42,66,67,19
09/02/23,3,7,14,26,52,21
09/04/23,1,29,45,47,51,7
09/04/23,1,26,32,46,51,13
09/06/23,1,12,30,50,55,10
09/09/23,33,38,42,64,65,20
09/09/23,11,19,29,63,68,25
09/11/23,18,22,25,30,35,22
09/13/23,3,12,28,58,62,24
09/13/23,22,30,37,44,45,18
09/16/23,8,11,19,24,46,5
09/16/23,10,27,30,43,47,6
09/18/23,3,7,41,48,67,14
09/23/23,1,12,20,33,66,21
09/23/23,14,16,26,41,57,24
09/25/23,5,16,18,38,40,19
09/25/23,10,12,22,36,50,4
09/27/23,10,25,51,52,63,1
09/27/23,1,7,46,47,63,7
09/30/23,2,22,46,56,67,25
10/02/23,11,26,35,40,43,24
10/02/23,12,26,27,43,47,5
10/04/23,9,35,54,63,64,1
10/04/23,12,30,39,64,67,22
10/07/23,47,54,57,60,65,19
10/09/23,16,34,46,55,67,14
10/11/23,3,40,51,59,66,2
10/16/23,1,2,15,17,34,1
10/16/23,2,27,31,44,64,18
10/18/23,26,59,62,64,65,15
10/18/23,1,4,13,35,58,24
10/21/23,7,18,27,33,61,5
10/21/23,6,15,24,67,68,11
10/23/23,18,21,25,46,64,21
10/23/23,25,44,45,50,58,13
10/25/23,18,19,38,54,55,17
10/28/23,14,24,50,59,64,2
10/28/23,34,48,50,52,66,11
10/30/23,19,22,34,66,69,5
11/01/23,9,26,49,58,61,21
11/01/23,22,26,39,47,63,12
11/04/23,5,15,22,47,66,26
11/04/23,1,28,30,34,52,6
11/06/23,12,25,40,59,61,26
11/08/23,5,20,22,27,63,18
11/08/23,14,21,33,39,62,20
11/11/23,1,12,14,24,57,7
11/11/23,5,17,19,41,49,5
11/13/23,24,33,35,37,42,21
11/15/23,3,4,51,53,60,6
11/18/23,27,32,40,45,47,8
11/18/23,34,50,51,61,67,20
11/20/23,15,21,39,45,52,12
11/20/23,19,26,30,39,63,13
11/22/23,20,21,30,55,56,14
11/22/23,20,24,33,39,42,21
11/25/23,1,27,30,49,62,20
11/25/23,27,33,63,66,68,9
11/27/23,2,21,38,61,66,12
11/27/23,9,29,51,53,61,20
11/29/23,6,47,50,61,68,4
12/02/23,28,35,41,47,60,3
12/02/23,6,32,37,42,67,25
12/04/23,21,51,52,59,63,7
12/04/23,18,19,27,28,45,9
12/09/23,5,25,26,40,60,1
12/11/23,1,24,27,31,62,20
12/13/23,32,53,57,60,63,14
12/13/23,3,8,41,56,64,18
12/16/23,9,39,41,46,65,3
12/16/23,3,9,10,20,62,25
12/18/23,5,8,19,34,39,26
12/18/23,2,8,11,25,51,9
12/20/23,22,25,28,30,53,3
12/20/23,27,35,41,56,60,16
12/23/23,20,37,39,40,43,1
12/23/23,9,14,17,18,53,6
12/25/23,2,3,19,31,42,9
12/27/23,14,29,39,66,67,2
12/27/23,4,11,38,51,68,5
12/30/23,1,4,5,6,42,8
12/30/23,10,11,26,27,34,7
01/01/24,19,31,40,42,64,2
01/03/24,30,31,38,48,68,8
01/03/24,8,9,17,31,56,23
01/06/24,9,14,26,27,32,22
01/06/24,4,31,34,38,61,13
01/08/24,3,38,55,57,62,17
01/08/24,7,17,28,40,45,2
01/10/24,2,7,27,34,51,19
01/10/24,25,40,43,48,50,11
01/13/24,30,41,44,55,58,17
01/15/24,6,16,23,60,62,17
01/15/24,13,30,35,49,59,4
01/17/24,14,38,51,53,55,25
01/17/24,18,22,43,61,65,2
01/20/24,13,26,30,40,50,13
01/20/24,16,31,34,47,65,10
01/22/24,17,31,34,54,63,13
01/24/24,7,28,46,47,58,18
01/27/24,7,38,65,66,68,21
01/27/24,4,28,34,50,61,16
01/29/24,31,44,45,63,64,16
01/29/24,39,41,43,49,64,4
01/31/24,13,15,18,21,58,25
01/31/24,15,18,19,41,43,14
02/03/24,23,26,30,35,39,13
02/03/24,9,11,27,59,66,19
02/05/24,1,7,35,52,54,20
02/07/24,12,21,62,67,69,17
02/07/24,8,17,36,56,62,23
02/10/24,12,15,32,50,64,15
02/10/24,27,28,34,37,44,8
02/12/24,17,36,43,53,67,14
02/14/24,33,40,45,48,53,17
02/14/24,1,4,45,47,67,18
02/17/24,14,47,49,61,66,18
02/17/24,6,28,59,62,69,21
02/19/24,9,18,30,47,63,14
02/19/24,4,23,45,50,53,17
02/21/24,23,49,51,54,58,11
02/21/24,4,27,33,41,42,14
02/24/24,3,8,40,53,58,3
02/24/24,5,6,16,34,35,17
02/26/24,1,3,8,30,41,8
02/28/24,14,38,41,47,67,7
02/28/24,16,26,29,38,50,6
03/02/24,18,31,36,43,61,10
03/04/24,36,42,50,52,67,26
03/06/24,30,31,36,52,58,16
03/09/24,41,43,49,55,67,20
03/09/24,30,36,49,52,63,16
03/11/24,15,25,35,41,62,12
03/13/24,21,29,54,59,62,4
03/13/24,2,25,64,65,67,5
03/16/24,9,11,13,29,69,12
03/16/24,12,23,44,57,61,5
03/18/24,11,44,55,63,68,17
03/18/24,10,17,20,39,44,16
03/20/24,13,22,27,54,66,9
03/25/24,2,14,20,28,64,4
03/25/24,7,11,19,53,68,23
03/27/24,31,47,52,53,57,23
03/27/24,37,46,57,60,66,8
03/30/24,20,29,43,57,63,16
03/30/24,12,13,33,50,52,23
04/01/24,12,15,28,30,39,12
04/03/24,11,38,41,62,65,15
04/03/24,10,44,53,60,63,13
04/06/24,22,27,44,52,69,9
04/06/24,16,19,56,59,66,14
04/08/24,7,40,45,58,61,14
04/08/24,6,21,23,39,54,23
04/13/24,39,55,60,65,69,26
04/13/24,7,33,40,43,69,10
04/15/24,3,25,52,60,64,17
04/15/24,7,16,41,56,61,23
04/17/24,7,8,25,39,68,7
04/20/24,25,28,36,38,68,23
04/22/24,12,16,33,39,52,1
04/22/24,11,15,25,32,39,23
04/24/24,23,25,45,46,62,25
04/24/24,2,20,22,26,47,21
04/27/24,12,28,36,47,65,22
04/27/24,9,30,53,55,62,23
04/29/24,11,44,50,54,59,13
04/29/24,11,38,47,67,69,14
05/01/24,6,15,19,42,45,16
05/04/24,1,8,27,63,66,26
05/06/24,10,56,58,59,67,20
05/08/24,10,22,43,55,57,2
05/11/24,3,6,39,49,67,21
05/13/24,6,14,21,58,69,16
05/15/24,19,42,45,55,69,6
05/15/24,8,9,29,57,65,10
05/18/24,15,17,28,36,60,9
05/18/24,19,36,37,42,59,19
05/22/24,10,12,19,21,67,25
05/27/24,20,31,39,45,56,19
05/27/24,9,30,39,49,59,21
05/29/24,17,34,56,60,61,9
06/01/24,28,38,52,54,68,8
06/03/24,25,39,46,47,51,10
06/03/24,19,29,35,36,45,16
06/05/24,4,11,20,45,49,21
06/05/24,8,44,45,51,69,12
06/08/24,11,21,57,58,68,5
06/12/24,19,30,31,61,62,21
06/15/24,30,38,44,54,55,22
06/15/24,4,36,48,54,56,2
06/17/24,30,41,42,67,68,16
06/17/24,30,48,53,58,66,9
06/19/24,16,23,35,50,59,21
06/19/24,4,27,44,50,64,7
06/22/24,4,5,15,32,62,21
06/24/24,1,31,33,54,60,26
06/26/24,4,19,27,37,56,21
06/26/24,4,9,36,47,56,7
06/29/24,26,51,54,61,69,25
07/01/24,5,9,32,39,55,9
07/01/24,12,18,32,59,61,8
07/03/24,2,26,33,55,57,22
07/03/24,19,22,38,55,61,23
07/06/24,22,27,52,62,69,4
07/06/24,5,32,35,39,49,21
07/08/24,20,22,31,33,45,1
07/10/24,16,17,33,56,66,18
07/13/24,40,57,59,64,65,15
07/13/24,9,55,59,66,69,21
07/15/24,3,13,41,55,61,6
07/15/24,9,31,39,40,45,23
07/20/24,18,25,31,40,57,4
07/22/24,31,36,56,58,69,20
07/22/24,17,34,44,49,66,9
07/24/24,16,42,59,63,68,13
07/24/24,4,9,20,47,51,9
07/27/24,3,31,37,40,64,17
07/29/24,20,21,36,54,63,21
07/29/24,11,27,30,33,44,16
08/03/24,13,33,40,60,61,20
08/05/24,29,42,44,51,54,12
08/07/24,16,29,31,60,65,26
08/07/24,6,19,35,47,57,9
08/10/24,6,14,53,59,62,12
08/12/24,9,22,57,67,68,14
08/12/24,5,35,49,60,62,17
08/14/24,16,27,34,62,66,22
08/17/24,9,12,25,51,56,22
08/17/24,12,31,43,45,46,22
08/19/24,22,48,50,57,69,1
08/19/24,1,2,15,23,28,10
08/21/24,2,3,28,52,69,3
08/21/24,27,31,33,38,67,3
08/24/24,1,26,32,64,65,16
08/26/24,2,4,23,68,69,15
08/26/24,19,50,55,58,66,15
08/28/24,9,11,31,52,54,25
08/28/24,5,33,47,50,64,20
08/31/24,19,32,43,55,58,12
08/31/24,4,34,35,38,69,19
09/02/24,4,12,13,16,67,7
09/02/24,8,42,46,48,53,22
09/04/24,7,10,21,33,59,20
09/07/24,14,16,20,30,47,22
09/07/24,14,34,37,55,63,20
09/09/24,10,14,38,42,45,26
09/09/24,1,16,21,47,60,5
09/11/24,10,12,55,65,67,3
09/14/24,29,34,38,48,56,16
09/14/24,1,26,38,52,55,16
09/16/24,13,25,38,40,63,23
09/18/24,16,23,50,53,66,14
09/18/24,1,11,22,47,68,7
09/21/24,4,17,37,46,49,19
09/23/24,15,21,25,37,45,19
09/25/24,6,32,51,62,69,26
09/25/24,2,26,45,46,52,21
09/28/24,6,7,17,20,57,10
09/30/24,17,32,39,43,53,2
10/02/24,39,44,45,46,66,13
10/05/24,2,12,46,52,65,3
10/07/24,18,30,31,52,63,22
10/09/24,4,14,29,33,59,17
10/12/24,5,14,20,41,57,6
10/14/24,7,29,31,41,54,8
10/16/24,29,35,41,53,68,9
10/16/24,4,30,39,44,60,11
10/21/24,2,3,7,26,34,1
10/21/24,1,25,57,62,64,15
10/23/24,1,42,43,58,66,20
10/23/24,2,15,27,29,39,20
10/26/24,1,7,25,27,57,18
10/26/24,8,12,40,45,51,15
10/28/24,21,27,32,48,67,17
10/30/24,13,22,29,43,58,22
10/30/24,18,36,39,49,62,12
11/04/24,8,14,16,34,51,14
11/04/24,6,18,33,48,53,21
11/06/24,12,16,17,39,45,10
11/06/24,12,17,37,58,62,4
11/11/24,16,23,38,40,57,10
11/13/24,9,20,26,43,58,9
11/18/24,27,31,41,52,69,26
11/20/24,3,10,37,40,68,1
11/20/24,16,30,60,62,64,25
11/23/24,36,40,41,50,60,13
11/23/24,12,13,34,44,67,8
11/25/24,5,35,45,60,63,12
11/27/24,1,6,7,13,40,5
11/27/24,19,37,41,42,62,13
11/30/24,9,21,37,43,61,23
12/02/24,14,27,34,39,40,4
12/02/24,3,9,26,61,67,13
12/04/24,14,35,43,48,54,1
12/04/24,1,23,25,28,61,13
12/07/24,1,31,43,55,57,22
12/09/24,7,17,28,44,54,8
12/11/24,18,23,34,60,62,19
12/11/24,13,44,50,52,54,20
12/16/24,9,30,33,57,61,17
12/18/24,41,45,52,56,67,6
12/21/24,29,45,46,51,59,3
12/23/24,16,49,62,63,68,10
12/23/24,22,42,44,57,64,18
12/25/24,8,29,30,47,57,1
12/25/24,15,26,27,30,35,3
12/28/24,22,40,42,54,68,7
12/30/24,15,34,52,56,57,14
12/30/24,9,19,33,38,39,1
01/01/25,6,12,28,35,66,26
01/04/25,26,32,43,54,56,24
01/06/25,17,34,46,66,67,14
01/06/25,41,44,54,57,64,13
01/08/25,22,29,36,61,65,17
01/11/25,3,6,32,37,65,4
01/13/25,29,30,32,37,56,18
01/13/25,4,6,16,39,66,9
01/15/25,8,41,52,53,58,7
01/18/25,7,34,40,48,57,17
01/18/25,14,31,35,64,69,23
01/20/25,10,23,33,38,54,17
01/20/25,15,16,32,47,54,6
01/22/25,5,6,27,40,49,5
01/25/25,8,15,17,53,66,14
01/25/25,2,5,52,59,60,16
01/27/25,2,40,47,53,55,20
01/29/25,18,28,41,63,68,4
01/29/25,8,12,31,33,38,18
02/01/25,3,15,37,49,69,16
02/01/25,23,29,32,49,61,8
02/03/25,7,38,39,42,55,10
02/03/25,12,37,47,54,60,17
02/05/25,13,24,40,41,50,4
02/05/25,19,27,30,50,62,14
02/08/25,23,44,57,60,62,9
02/08/25,5,20,23,36,53,17
02/12/25,11,24,26,31,39,15
02/12/25,21,32,36,45,49,18
02/15/25,12,18,43,58,61,19
02/15/25,3,16,45,54,56,12
02/17/25,4,44,47,52,57,9
02/19/25,15,21,34,43,60,23
02/19/25,6,21,28,49,60,20
02/22/25,9,18,26,35,57,14
02/24/25,22,48,61,63,66,17
02/24/25,10,11,34,59,68,14
02/26/25,28,48,55,60,62,20
03/01/25,6,19,37,66,68,6
03/03/25,18,20,50,52,56,20
03/03/25,9,34,54,67,69,11
03/05/25,22,36,39,45,50,14
03/05/25,24,28,40,63,65,20
03/08/25,21,24,37,62,68,11
03/08/25,2,4,16,23,63,13
03/10/25,17,40,47,50,55,6
03/12/25,11,13,28,51,58,1
03/15/25,35,36,47,50,58,11
03/15/25,12,28,33,36,54,5
03/17/25,4,19,21,38,64,26
03/17/25,11,18,23,38,60,9
03/19/25,7,15,36,40,56,8
03/19/25,8,11,21,49,59,15
03/22/25,2,4,47,53,64,11
03/24/25,6,23,35,36,47,12
03/26/25,5,20,29,39,53,6
03/29/25,7,11,14,26,59,10
03/29/25,7,11,21,53,61,2
03/31/25,2,44,52,65,66,12
04/02/25,7,18,23,31,44,24
04/02/25,5,17,41,64,69,1
04/07/25,2,31,36,51,58,15
04/09/25,2,15,44,60,68,23
04/12/25,16,22,44,45,53,19
04/12/25,5,10,46,49,60,16
04/14/25,3,20,30,52,62,1
04/16/25,7,36,40,47,59,9
04/16/25,20,24,42,43,49,19
04/19/25,2,3,21,55,63,12
04/21/25,18,23,34,35,67,13
04/23/25,37,42,49,54,66,26
04/23/25,15,44,63,66,69,20
04/26/25,1,12,14,18,69,2
04/28/25,11,13,39,48,61,3
04/28/25,26,43,51,56,60,24
